Workbook
Name AliasPaths: EpecBaseProject!$G$1:$G$960
Name ChannelPaths: EpecBaseProject!$H$1:$H$960

Sheet EpecBaseProject
A1: ATE I/O Ch | B1: ATE I/O Type | C1: Chassis Module/Ch | D1: Module Ch | E1: Channel I/O Configuration and type | F1: VeriStand Alias Name | G1: VeriStand Alias Path | H1: VeriStand Channel path | I1: ATE Alias Specifier | J1: ATE Mass Interconnect ODU BLACK Connector/pin | K1: ITA Enclosure ODU BLUE Connector/pin | L1: DUT Connector/Pin | M1: DUT HW Block | N1: DUT I/O Range
A2: 1 | B2: AO/DO AO U: 0-10 V DO: 0-Vsup | C2: ="PXIe-6738/AO" & D2 -> PXIe-6738/AO0 | D2: 0 | E2: Voltage out 0-10 V | F2: AO | G2: =IF(OR(F2="None",F2="TBD"),"None",_xlfn.CONCAT("ATE/",I2,"/",F2)) -> ATE/IO1/AO | H2: =Paths!$B$26 & D2 -> Targets/Controller/Hardware/Chassis/DAQ/PXI1Slot15/Analog Output/AO0 | I2: ="IO" & A2 -> IO1 | J2: A1.1 | K2: Bx.x
C3: ="PXIe-7820R/DIO" & D3 -> PXIe-7820R/DIO0 | D3: 0 | E3: FPGA DO (PWM Gen.) | F3: PWM_FR | G3: =IF(OR(F3="None",F3="TBD"),"None",_xlfn.CONCAT("ATE/",I3,"/",F3)) -> ATE/IO1/PWM_FR | H3: =Paths!$B$2 & I3 & Paths!$B$6 -> Targets/Controller/Custom Devices/FPGA Addon/Scalars/Scalar Outputs/PWM.Out.IO1/FREQ | I3: ="IO" & A2 -> IO1
C4: ="PXIe-7820R/DIO" & D4 -> PXIe-7820R/DIO0 | D4: 0 | E4: FPGA DO (PWM Gen.) | F4: PWM_DC | G4: =IF(OR(F4="None",F4="TBD"),"None",_xlfn.CONCAT("ATE/",I4,"/",F4)) -> ATE/IO1/PWM_DC | H4: =Paths!$B$2 & I4 & Paths!$B$7 -> Targets/Controller/Custom Devices/FPGA Addon/Scalars/Scalar Outputs/PWM.Out.IO1/DC | I4: ="IO" & A2 -> IO1
C5: ="SLSC-12201-1/P" & ROUNDDOWN(D5/8,0) & "." & MOD(D5,8) -> SLSC-12201-1/P0.0 | D5: 0 | E5: Output Push-Pull | F5: None | G5: =IF(OR(F5="None",F5="TBD"),"None",_xlfn.CONCAT("ATE/",I5,"/",F5)) -> None | H5: =Paths!$B$19 & "Bank " & ROUNDDOWN(D5/16,0) & "/Port " & ROUNDDOWN(D5/8,0) & "/Line " &MOD(D5,8) &"/Direction" -> Targets/Controller/Hardware/SLSC/SLSC Chassis/Modules/Slot 8 (SLSC-12201 DIO)/Bank 0/Port 0/Line 0/Direction | I5: ="IO" & A2 -> IO1
C6: ="PXI 10-100-001/SPDT" & D6 -> PXI 10-100-001/SPDT1 | D6: 1 | E6: DO (SPDT) | F6: Select_DO | G6: =IF(OR(F6="None",F6="TBD"),"None",_xlfn.CONCAT("ATE/",I6,"/",F6)) -> ATE/IO1/Select_DO | H6: =Paths!$B$12 & D6 -> Targets/Controller/Custom Devices/PickeringSwitching/Subunit1/Switch1_1 | I6: ="IO" & A2 -> IO1
C7: ="PXI-2510-1/dut" & D7 -> PXI-2510-1/dut0 | D7: 0 | E7: FIU | F7: TBD | G7: =IF(OR(F7="None",F7="TBD"),"None",_xlfn.CONCAT("ATE/",I7,"/",F7)) -> None | H7: TBD | I7: ="IO" & A2 -> IO1
A8: =A2+1 -> 2 | B8: =B2 -> AO/DO AO U: 0-10 V DO: 0-Vsup | C8: ="PXIe-6738/AO" & D8 -> PXIe-6738/AO1 | D8: =D2+1 -> 1 | E8: =E2 -> Voltage out 0-10 V | F8: =F2 -> AO | G8: =IF(OR(F8="None",F8="TBD"),"None",_xlfn.CONCAT("ATE/",I8,"/",F8)) -> ATE/IO2/AO | H8: =Paths!$B$26 & D8 -> Targets/Controller/Hardware/Chassis/DAQ/PXI1Slot15/Analog Output/AO1 | I8: ="IO" & A8 -> IO2 | J8: Ax.x | K8: Bx.x
C9: ="PXIe-7820R/DIO" & D9 -> PXIe-7820R/DIO1 | D9: =D3+1 -> 1 | E9: =E3 -> FPGA DO (PWM Gen.) | F9: =F3 -> PWM_FR | G9: =IF(OR(F9="None",F9="TBD"),"None",_xlfn.CONCAT("ATE/",I9,"/",F9)) -> ATE/IO2/PWM_FR | H9: =Paths!$B$2 & I9 & Paths!$B$6 -> Targets/Controller/Custom Devices/FPGA Addon/Scalars/Scalar Outputs/PWM.Out.IO2/FREQ | I9: ="IO" & A8 -> IO2
C10: ="PXIe-7820R/DIO" & D10 -> PXIe-7820R/DIO1 | D10: =D4+1 -> 1 | E10: =E4 -> FPGA DO (PWM Gen.) | F10: =F4 -> PWM_DC | G10: =IF(OR(F10="None",F10="TBD"),"None",_xlfn.CONCAT("ATE/",I10,"/",F10)) -> ATE/IO2/PWM_DC | H10: =Paths!$B$2 & I10 & Paths!$B$7 -> Targets/Controller/Custom Devices/FPGA Addon/Scalars/Scalar Outputs/PWM.Out.IO2/DC | I10: ="IO" & A8 -> IO2
C11: ="SLSC-12201-1/P" & ROUNDDOWN(D11/8,0) & "." & MOD(D11,8) -> SLSC-12201-1/P0.1 | D11: =D5+1 -> 1 | E11: =E5 -> Output Push-Pull | F11: =F5 -> None | G11: =IF(OR(F11="None",F11="TBD"),"None",_xlfn.CONCAT("ATE/",I11,"/",F11)) -> None | H11: =Paths!$B$19 & "Bank " & ROUNDDOWN(D11/16,0) & "/Port " & ROUNDDOWN(D11/8,0) & "/Line " &MOD(D11,8) &"/Direction" -> Targets/Controller/Hardware/SLSC/SLSC Chassis/Modules/Slot 8 (SLSC-12201 DIO)/Bank 0/Port 0/Line 1/Direction | I11: ="IO" & A8 -> IO2
C12: ="PXI 10-100-001/SPDT" & D12 -> PXI 10-100-001/SPDT2 | D12: =D6+1 -> 2 | E12: =E6 -> DO (SPDT) | F12: =F6 -> Select_DO | G12: =IF(OR(F12="None",F12="TBD"),"None",_xlfn.CONCAT("ATE/",I12,"/",F12)) -> ATE/IO2/Select_DO | H12: =Paths!$B$12 & D12 -> Targets/Controller/Custom Devices/PickeringSwitching/Subunit1/Switch1_2 | I12: ="IO" & A8 -> IO2
C13: ="PXI-2510-1/dut" & D13 -> PXI-2510-1/dut1 | D13: =D7+1 -> 1 | E13: =E7 -> FIU | F13: =F7 -> TBD | G13: =IF(OR(F13="None",F13="TBD"),"None",_xlfn.CONCAT("ATE/",I13,"/",F13)) -> None | H13: TBD | I13: ="IO" & A8 -> IO2
A14: =A8+1 -> 3 | B14: =B8 -> AO/DO AO U: 0-10 V DO: 0-Vsup | C14: ="PXIe-6738/AO" & D14 -> PXIe-6738/AO2 | D14: =D8+1 -> 2 | E14: =E8 -> Voltage out 0-10 V | F14: =F8 -> AO | G14: =IF(OR(F14="None",F14="TBD"),"None",_xlfn.CONCAT("ATE/",I14,"/",F14)) -> ATE/IO3/AO | H14: =Paths!$B$26 & D14 -> Targets/Controller/Hardware/Chassis/DAQ/PXI1Slot15/Analog Output/AO2 | I14: ="IO" & A14 -> IO3 | J14: Ax.x | K14: Bx.x
C15: ="PXIe-7820R/DIO" & D15 -> PXIe-7820R/DIO2 | D15: =D9+1 -> 2 | E15: =E9 -> FPGA DO (PWM Gen.) | F15: =F9 -> PWM_FR | G15: =IF(OR(F15="None",F15="TBD"),"None",_xlfn.CONCAT("ATE/",I15,"/",F15)) -> ATE/IO3/PWM_FR | H15: =Paths!$B$2 & I15 & Paths!$B$6 -> Targets/Controller/Custom Devices/FPGA Addon/Scalars/Scalar Outputs/PWM.Out.IO3/FREQ | I15: ="IO" & A14 -> IO3
C16: ="PXIe-7820R/DIO" & D16 -> PXIe-7820R/DIO2 | D16: =D10+1 -> 2 | E16: =E10 -> FPGA DO (PWM Gen.) | F16: =F10 -> PWM_DC | G16: =IF(OR(F16="None",F16="TBD"),"None",_xlfn.CONCAT("ATE/",I16,"/",F16)) -> ATE/IO3/PWM_DC | H16: =Paths!$B$2 & I16 & Paths!$B$7 -> Targets/Controller/Custom Devices/FPGA Addon/Scalars/Scalar Outputs/PWM.Out.IO3/DC | I16: ="IO" & A14 -> IO3
C17: ="SLSC-12201-1/P" & ROUNDDOWN(D17/8,0) & "." & MOD(D17,8) -> SLSC-12201-1/P0.2 | D17: =D11+1 -> 2 | E17: =E11 -> Output Push-Pull | F17: =F11 -> None | G17: =IF(OR(F17="None",F17="TBD"),"None",_xlfn.CONCAT("ATE/",I17,"/",F17)) -> None | H17: =Paths!$B$19 & "Bank " & ROUNDDOWN(D17/16,0) & "/Port " & ROUNDDOWN(D17/8,0) & "/Line " &MOD(D17,8) &"/Direction" -> Targets/Controller/Hardware/SLSC/SLSC Chassis/Modules/Slot 8 (SLSC-12201 DIO)/Bank 0/Port 0/Line 2/Direction | I17: ="IO" & A14 -> IO3
C18: ="PXI 10-100-001/SPDT" & D18 -> PXI 10-100-001/SPDT3 | D18: =D12+1 -> 3 | E18: =E12 -> DO (SPDT) | F18: =F12 -> Select_DO | G18: =IF(OR(F18="None",F18="TBD"),"None",_xlfn.CONCAT("ATE/",I18,"/",F18)) -> ATE/IO3/Select_DO | H18: =Paths!$B$12 & D18 -> Targets/Controller/Custom Devices/PickeringSwitching/Subunit1/Switch1_3 | I18: ="IO" & A14 -> IO3
C19: ="PXI-2510-1/dut" & D19 -> PXI-2510-1/dut2 | D19: =D13+1 -> 2 | E19: =E13 -> FIU | F19: =F13 -> TBD | G19: =IF(OR(F19="None",F19="TBD"),"None",_xlfn.CONCAT("ATE/",I19,"/",F19)) -> None | H19: TBD | I19: ="IO" & A14 -> IO3
A20: =A14+1 -> 4 | B20: =B14 -> AO/DO AO U: 0-10 V DO: 0-Vsup | C20: ="PXIe-6738/AO" & D20 -> PXIe-6738/AO3 | D20: =D14+1 -> 3 | E20: =E14 -> Voltage out 0-10 V | F20: =F14 -> AO | G20: =IF(OR(F20="None",F20="TBD"),"None",_xlfn.CONCAT("ATE/",I20,"/",F20)) -> ATE/IO4/AO | H20: =Paths!$B$26 & D20 -> Targets/Controller/Hardware/Chassis/DAQ/PXI1Slot15/Analog Output/AO3 | I20: ="IO" & A20 -> IO4 | J20: Ax.x | K20: Bx.x
C21: ="PXIe-7820R/DIO" & D21 -> PXIe-7820R/DIO3 | D21: =D15+1 -> 3 | E21: =E15 -> FPGA DO (PWM Gen.) | F21: =F15 -> PWM_FR | G21: =IF(OR(F21="None",F21="TBD"),"None",_xlfn.CONCAT("ATE/",I21,"/",F21)) -> ATE/IO4/PWM_FR | H21: =Paths!$B$2 & I21 & Paths!$B$6 -> Targets/Controller/Custom Devices/FPGA Addon/Scalars/Scalar Outputs/PWM.Out.IO4/FREQ | I21: ="IO" & A20 -> IO4
C22: ="PXIe-7820R/DIO" & D22 -> PXIe-7820R/DIO3 | D22: =D16+1 -> 3 | E22: =E16 -> FPGA DO (PWM Gen.) | F22: =F16 -> PWM_DC | G22: =IF(OR(F22="None",F22="TBD"),"None",_xlfn.CONCAT("ATE/",I22,"/",F22)) -> ATE/IO4/PWM_DC | H22: =Paths!$B$2 & I22 & Paths!$B$7 -> Targets/Controller/Custom Devices/FPGA Addon/Scalars/Scalar Outputs/PWM.Out.IO4/DC | I22: ="IO" & A20 -> IO4
C23: ="SLSC-12201-1/P" & ROUNDDOWN(D23/8,0) & "." & MOD(D23,8) -> SLSC-12201-1/P0.3 | D23: =D17+1 -> 3 | E23: =E17 -> Output Push-Pull | F23: =F17 -> None | G23: =IF(OR(F23="None",F23="TBD"),"None",_xlfn.CONCAT("ATE/",I23,"/",F23)) -> None | H23: =Paths!$B$19 & "Bank " & ROUNDDOWN(D23/16,0) & "/Port " & ROUNDDOWN(D23/8,0) & "/Line " &MOD(D23,8) &"/Direction" -> Targets/Controller/Hardware/SLSC/SLSC Chassis/Modules/Slot 8 (SLSC-12201 DIO)/Bank 0/Port 0/Line 3/Direction | I23: ="IO" & A20 -> IO4
C24: ="PXI 10-100-001/SPDT" & D24 -> PXI 10-100-001/SPDT4 | D24: =D18+1 -> 4 | E24: =E18 -> DO (SPDT) | F24: =F18 -> Select_DO | G24: =IF(OR(F24="None",F24="TBD"),"None",_xlfn.CONCAT("ATE/",I24,"/",F24)) -> ATE/IO4/Select_DO | H24: =Paths!$B$12 & D24 -> Targets/Controller/Custom Devices/PickeringSwitching/Subunit1/Switch1_4 | I24: ="IO" & A20 -> IO4
C25: ="PXI-2510-1/dut" & D25 -> PXI-2510-1/dut3 | D25: =D19+1 -> 3 | E25: =E19 -> FIU | F25: =F19 -> TBD | G25: =IF(OR(F25="None",F25="TBD"),"None",_xlfn.CONCAT("ATE/",I25,"/",F25)) -> None | H25: TBD | I25: ="IO" & A20 -> IO4
A26: =A20+1 -> 5 | B26: =B20 -> AO/DO AO U: 0-10 V DO: 0-Vsup | C26: ="PXIe-6738/AO" & D26 -> PXIe-6738/AO4 | D26: =D20+1 -> 4 | E26: =E20 -> Voltage out 0-10 V | F26: =F20 -> AO | G26: =IF(OR(F26="None",F26="TBD"),"None",_xlfn.CONCAT("ATE/",I26,"/",F26)) -> ATE/IO5/AO | H26: =Paths!$B$26 & D26 -> Targets/Controller/Hardware/Chassis/DAQ/PXI1Slot15/Analog Output/AO4 | I26: ="IO" & A26 -> IO5 | J26: Ax.x | K26: Bx.x
C27: ="PXIe-7820R/DIO" & D27 -> PXIe-7820R/DIO4 | D27: =D21+1 -> 4 | E27: =E21 -> FPGA DO (PWM Gen.) | F27: =F21 -> PWM_FR | G27: =IF(OR(F27="None",F27="TBD"),"None",_xlfn.CONCAT("ATE/",I27,"/",F27)) -> ATE/IO5/PWM_FR | H27: =Paths!$B$2 & I27 & Paths!$B$6 -> Targets/Controller/Custom Devices/FPGA Addon/Scalars/Scalar Outputs/PWM.Out.IO5/FREQ | I27: ="IO" & A26 -> IO5
C28: ="PXIe-7820R/DIO" & D28 -> PXIe-7820R/DIO4 | D28: =D22+1 -> 4 | E28: =E22 -> FPGA DO (PWM Gen.) | F28: =F22 -> PWM_DC | G28: =IF(OR(F28="None",F28="TBD"),"None",_xlfn.CONCAT("ATE/",I28,"/",F28)) -> ATE/IO5/PWM_DC | H28: =Paths!$B$2 & I28 & Paths!$B$7 -> Targets/Controller/Custom Devices/FPGA Addon/Scalars/Scalar Outputs/PWM.Out.IO5/DC | I28: ="IO" & A26 -> IO5
C29: ="SLSC-12201-1/P" & ROUNDDOWN(D29/8,0) & "." & MOD(D29,8) -> SLSC-12201-1/P0.4 | D29: =D23+1 -> 4 | E29: =E23 -> Output Push-Pull | F29: =F23 -> None | G29: =IF(OR(F29="None",F29="TBD"),"None",_xlfn.CONCAT("ATE/",I29,"/",F29)) -> None | H29: =Paths!$B$19 & "Bank " & ROUNDDOWN(D29/16,0) & "/Port " & ROUNDDOWN(D29/8,0) & "/Line " &MOD(D29,8) &"/Direction" -> Targets/Controller/Hardware/SLSC/SLSC Chassis/Modules/Slot 8 (SLSC-12201 DIO)/Bank 0/Port 0/Line 4/Direction | I29: ="IO" & A26 -> IO5
C30: ="PXI 10-100-001/SPDT" & D30 -> PXI 10-100-001/SPDT5 | D30: =D24+1 -> 5 | E30: =E24 -> DO (SPDT) | F30: =F24 -> Select_DO | G30: =IF(OR(F30="None",F30="TBD"),"None",_xlfn.CONCAT("ATE/",I30,"/",F30)) -> ATE/IO5/Select_DO | H30: =Paths!$B$12 & D30 -> Targets/Controller/Custom Devices/PickeringSwitching/Subunit1/Switch1_5 | I30: ="IO" & A26 -> IO5
C31: ="PXI-2510-1/dut" & D31 -> PXI-2510-1/dut4 | D31: =D25+1 -> 4 | E31: =E25 -> FIU | F31: =F25 -> TBD | G31: =IF(OR(F31="None",F31="TBD"),"None",_xlfn.CONCAT("ATE/",I31,"/",F31)) -> None | H31: TBD | I31: ="IO" & A26 -> IO5
A32: =A26+1 -> 6 | B32: =B26 -> AO/DO AO U: 0-10 V DO: 0-Vsup | C32: ="PXIe-6738/AO" & D32 -> PXIe-6738/AO5 | D32: =D26+1 -> 5 | E32: =E26 -> Voltage out 0-10 V | F32: =F26 -> AO | G32: =IF(OR(F32="None",F32="TBD"),"None",_xlfn.CONCAT("ATE/",I32,"/",F32)) -> ATE/IO6/AO | H32: =Paths!$B$26 & D32 -> Targets/Controller/Hardware/Chassis/DAQ/PXI1Slot15/Analog Output/AO5 | I32: ="IO" & A32 -> IO6 | J32: Ax.x | K32: Bx.x
C33: ="PXIe-7820R/DIO" & D33 -> PXIe-7820R/DIO5 | D33: =D27+1 -> 5 | E33: =E27 -> FPGA DO (PWM Gen.) | F33: =F27 -> PWM_FR | G33: =IF(OR(F33="None",F33="TBD"),"None",_xlfn.CONCAT("ATE/",I33,"/",F33)) -> ATE/IO6/PWM_FR | H33: =Paths!$B$2 & I33 & Paths!$B$6 -> Targets/Controller/Custom Devices/FPGA Addon/Scalars/Scalar Outputs/PWM.Out.IO6/FREQ | I33: ="IO" & A32 -> IO6
C34: ="PXIe-7820R/DIO" & D34 -> PXIe-7820R/DIO5 | D34: =D28+1 -> 5 | E34: =E28 -> FPGA DO (PWM Gen.) | F34: =F28 -> PWM_DC | G34: =IF(OR(F34="None",F34="TBD"),"None",_xlfn.CONCAT("ATE/",I34,"/",F34)) -> ATE/IO6/PWM_DC | H34: =Paths!$B$2 & I34 & Paths!$B$7 -> Targets/Controller/Custom Devices/FPGA Addon/Scalars/Scalar Outputs/PWM.Out.IO6/DC | I34: ="IO" & A32 -> IO6
C35: ="SLSC-12201-1/P" & ROUNDDOWN(D35/8,0) & "." & MOD(D35,8) -> SLSC-12201-1/P0.5 | D35: =D29+1 -> 5 | E35: =E29 -> Output Push-Pull | F35: =F29 -> None | G35: =IF(OR(F35="None",F35="TBD"),"None",_xlfn.CONCAT("ATE/",I35,"/",F35)) -> None | H35: =Paths!$B$19 & "Bank " & ROUNDDOWN(D35/16,0) & "/Port " & ROUNDDOWN(D35/8,0) & "/Line " &MOD(D35,8) &"/Direction" -> Targets/Controller/Hardware/SLSC/SLSC Chassis/Modules/Slot 8 (SLSC-12201 DIO)/Bank 0/Port 0/Line 5/Direction | I35: ="IO" & A32 -> IO6
C36: ="PXI 10-100-001/SPDT" & D36 -> PXI 10-100-001/SPDT6 | D36: =D30+1 -> 6 | E36: =E30 -> DO (SPDT) | F36: =F30 -> Select_DO | G36: =IF(OR(F36="None",F36="TBD"),"None",_xlfn.CONCAT("ATE/",I36,"/",F36)) -> ATE/IO6/Select_DO | H36: =Paths!$B$12 & D36 -> Targets/Controller/Custom Devices/PickeringSwitching/Subunit1/Switch1_6 | I36: ="IO" & A32 -> IO6
C37: ="PXI-2510-1/dut" & D37 -> PXI-2510-1/dut5 | D37: =D31+1 -> 5 | E37: =E31 -> FIU | F37: =F31 -> TBD | G37: =IF(OR(F37="None",F37="TBD"),"None",_xlfn.CONCAT("ATE/",I37,"/",F37)) -> None | H37: TBD | I37: ="IO" & A32 -> IO6
A38: =A32+1 -> 7 | B38: =B32 -> AO/DO AO U: 0-10 V DO: 0-Vsup | C38: ="PXIe-6738/AO" & D38 -> PXIe-6738/AO6 | D38: =D32+1 -> 6 | E38: =E32 -> Voltage out 0-10 V | F38: =F32 -> AO | G38: =IF(OR(F38="None",F38="TBD"),"None",_xlfn.CONCAT("ATE/",I38,"/",F38)) -> ATE/IO7/AO | H38: =Paths!$B$26 & D38 -> Targets/Controller/Hardware/Chassis/DAQ/PXI1Slot15/Analog Output/AO6 | I38: ="IO" & A38 -> IO7 | J38: Ax.x | K38: Bx.x
C39: ="PXIe-7820R/DIO" & D39 -> PXIe-7820R/DIO6 | D39: =D33+1 -> 6 | E39: =E33 -> FPGA DO (PWM Gen.) | F39: =F33 -> PWM_FR | G39: =IF(OR(F39="None",F39="TBD"),"None",_xlfn.CONCAT("ATE/",I39,"/",F39)) -> ATE/IO7/PWM_FR | H39: =Paths!$B$2 & I39 & Paths!$B$6 -> Targets/Controller/Custom Devices/FPGA Addon/Scalars/Scalar Outputs/PWM.Out.IO7/FREQ | I39: ="IO" & A38 -> IO7
C40: ="PXIe-7820R/DIO" & D40 -> PXIe-7820R/DIO6 | D40: =D34+1 -> 6 | E40: =E34 -> FPGA DO (PWM Gen.) | F40: =F34 -> PWM_DC | G40: =IF(OR(F40="None",F40="TBD"),"None",_xlfn.CONCAT("ATE/",I40,"/",F40)) -> ATE/IO7/PWM_DC | H40: =Paths!$B$2 & I40 & Paths!$B$7 -> Targets/Controller/Custom Devices/FPGA Addon/Scalars/Scalar Outputs/PWM.Out.IO7/DC | I40: ="IO" & A38 -> IO7
C41: ="SLSC-12201-1/P" & ROUNDDOWN(D41/8,0) & "." & MOD(D41,8) -> SLSC-12201-1/P0.6 | D41: =D35+1 -> 6 | E41: =E35 -> Output Push-Pull | F41: =F35 -> None | G41: =IF(OR(F41="None",F41="TBD"),"None",_xlfn.CONCAT("ATE/",I41,"/",F41)) -> None | H41: =Paths!$B$19 & "Bank " & ROUNDDOWN(D41/16,0) & "/Port " & ROUNDDOWN(D41/8,0) & "/Line " &MOD(D41,8) &"/Direction" -> Targets/Controller/Hardware/SLSC/SLSC Chassis/Modules/Slot 8 (SLSC-12201 DIO)/Bank 0/Port 0/Line 6/Direction | I41: ="IO" & A38 -> IO7
C42: ="PXI 10-100-001/SPDT" & D42 -> PXI 10-100-001/SPDT7 | D42: =D36+1 -> 7 | E42: =E36 -> DO (SPDT) | F42: =F36 -> Select_DO | G42: =IF(OR(F42="None",F42="TBD"),"None",_xlfn.CONCAT("ATE/",I42,"/",F42)) -> ATE/IO7/Select_DO | H42: =Paths!$B$12 & D42 -> Targets/Controller/Custom Devices/PickeringSwitching/Subunit1/Switch1_7 | I42: ="IO" & A38 -> IO7
C43: ="PXI-2510-1/dut" & D43 -> PXI-2510-1/dut6 | D43: =D37+1 -> 6 | E43: =E37 -> FIU | F43: =F37 -> TBD | G43: =IF(OR(F43="None",F43="TBD"),"None",_xlfn.CONCAT("ATE/",I43,"/",F43)) -> None | H43: TBD | I43: ="IO" & A38 -> IO7
A44: =A38+1 -> 8 | B44: =B38 -> AO/DO AO U: 0-10 V DO: 0-Vsup | C44: ="PXIe-6738/AO" & D44 -> PXIe-6738/AO7 | D44: =D38+1 -> 7 | E44: =E38 -> Voltage out 0-10 V | F44: =F38 -> AO | G44: =IF(OR(F44="None",F44="TBD"),"None",_xlfn.CONCAT("ATE/",I44,"/",F44)) -> ATE/IO8/AO | H44: =Paths!$B$26 & D44 -> Targets/Controller/Hardware/Chassis/DAQ/PXI1Slot15/Analog Output/AO7 | I44: ="IO" & A44 -> IO8 | J44: Ax.x | K44: Bx.x
C45: ="PXIe-7820R/DIO" & D45 -> PXIe-7820R/DIO7 | D45: =D39+1 -> 7 | E45: =E39 -> FPGA DO (PWM Gen.) | F45: =F39 -> PWM_FR | G45: =IF(OR(F45="None",F45="TBD"),"None",_xlfn.CONCAT("ATE/",I45,"/",F45)) -> ATE/IO8/PWM_FR | H45: =Paths!$B$2 & I45 & Paths!$B$6 -> Targets/Controller/Custom Devices/FPGA Addon/Scalars/Scalar Outputs/PWM.Out.IO8/FREQ | I45: ="IO" & A44 -> IO8
C46: ="PXIe-7820R/DIO" & D46 -> PXIe-7820R/DIO7 | D46: =D40+1 -> 7 | E46: =E40 -> FPGA DO (PWM Gen.) | F46: =F40 -> PWM_DC | G46: =IF(OR(F46="None",F46="TBD"),"None",_xlfn.CONCAT("ATE/",I46,"/",F46)) -> ATE/IO8/PWM_DC | H46: =Paths!$B$2 & I46 & Paths!$B$7 -> Targets/Controller/Custom Devices/FPGA Addon/Scalars/Scalar Outputs/PWM.Out.IO8/DC | I46: ="IO" & A44 -> IO8
C47: ="SLSC-12201-1/P" & ROUNDDOWN(D47/8,0) & "." & MOD(D47,8) -> SLSC-12201-1/P0.7 | D47: =D41+1 -> 7 | E47: =E41 -> Output Push-Pull | F47: =F41 -> None | G47: =IF(OR(F47="None",F47="TBD"),"None",_xlfn.CONCAT("ATE/",I47,"/",F47)) -> None | H47: =Paths!$B$19 & "Bank " & ROUNDDOWN(D47/16,0) & "/Port " & ROUNDDOWN(D47/8,0) & "/Line " &MOD(D47,8) &"/Direction" -> Targets/Controller/Hardware/SLSC/SLSC Chassis/Modules/Slot 8 (SLSC-12201 DIO)/Bank 0/Port 0/Line 7/Direction | I47: ="IO" & A44 -> IO8
C48: ="PXI 10-100-001/SPDT" & D48 -> PXI 10-100-001/SPDT8 | D48: =D42+1 -> 8 | E48: =E42 -> DO (SPDT) | F48: =F42 -> Select_DO | G48: =IF(OR(F48="None",F48="TBD"),"None",_xlfn.CONCAT("ATE/",I48,"/",F48)) -> ATE/IO8/Select_DO | H48: =Paths!$B$12 & D48 -> Targets/Controller/Custom Devices/PickeringSwitching/Subunit1/Switch1_8 | I48: ="IO" & A44 -> IO8
C49: ="PXI-2510-1/dut" & D49 -> PXI-2510-1/dut7 | D49: =D43+1 -> 7 | E49: =E43 -> FIU | F49: =F43 -> TBD | G49: =IF(OR(F49="None",F49="TBD"),"None",_xlfn.CONCAT("ATE/",I49,"/",F49)) -> None | H49: TBD | I49: ="IO" & A44 -> IO8
A50: =A44+1 -> 9 | B50: =B44 -> AO/DO AO U: 0-10 V DO: 0-Vsup | C50: ="PXIe-6738/AO" & D50 -> PXIe-6738/AO8 | D50: =D44+1 -> 8 | E50: =E44 -> Voltage out 0-10 V | F50: =F44 -> AO | G50: =IF(OR(F50="None",F50="TBD"),"None",_xlfn.CONCAT("ATE/",I50,"/",F50)) -> ATE/IO9/AO | H50: =Paths!$B$26 & D50 -> Targets/Controller/Hardware/Chassis/DAQ/PXI1Slot15/Analog Output/AO8 | I50: ="IO" & A50 -> IO9 | J50: Ax.x | K50: Bx.x
C51: ="PXIe-7820R/DIO" & D51 -> PXIe-7820R/DIO8 | D51: =D45+1 -> 8 | E51: =E45 -> FPGA DO (PWM Gen.) | F51: =F45 -> PWM_FR | G51: =IF(OR(F51="None",F51="TBD"),"None",_xlfn.CONCAT("ATE/",I51,"/",F51)) -> ATE/IO9/PWM_FR | H51: =Paths!$B$2 & I51 & Paths!$B$6 -> Targets/Controller/Custom Devices/FPGA Addon/Scalars/Scalar Outputs/PWM.Out.IO9/FREQ | I51: ="IO" & A50 -> IO9
C52: ="PXIe-7820R/DIO" & D52 -> PXIe-7820R/DIO8 | D52: =D46+1 -> 8 | E52: =E46 -> FPGA DO (PWM Gen.) | F52: =F46 -> PWM_DC | G52: =IF(OR(F52="None",F52="TBD"),"None",_xlfn.CONCAT("ATE/",I52,"/",F52)) -> ATE/IO9/PWM_DC | H52: =Paths!$B$2 & I52 & Paths!$B$7 -> Targets/Controller/Custom Devices/FPGA Addon/Scalars/Scalar Outputs/PWM.Out.IO9/DC | I52: ="IO" & A50 -> IO9
C53: ="SLSC-12201-1/P" & ROUNDDOWN(D53/8,0) & "." & MOD(D53,8) -> SLSC-12201-1/P1.0 | D53: =D47+1 -> 8 | E53: =E47 -> Output Push-Pull | F53: =F47 -> None | G53: =IF(OR(F53="None",F53="TBD"),"None",_xlfn.CONCAT("ATE/",I53,"/",F53)) -> None | H53: =Paths!$B$19 & "Bank " & ROUNDDOWN(D53/16,0) & "/Port " & ROUNDDOWN(D53/8,0) & "/Line " &MOD(D53,8) &"/Direction" -> Targets/Controller/Hardware/SLSC/SLSC Chassis/Modules/Slot 8 (SLSC-12201 DIO)/Bank 0/Port 1/Line 0/Direction | I53: ="IO" & A50 -> IO9
C54: ="PXI 10-100-001/SPDT" & D54 -> PXI 10-100-001/SPDT9 | D54: =D48+1 -> 9 | E54: =E48 -> DO (SPDT) | F54: =F48 -> Select_DO | G54: =IF(OR(F54="None",F54="TBD"),"None",_xlfn.CONCAT("ATE/",I54,"/",F54)) -> ATE/IO9/Select_DO | H54: =Paths!$B$12 & D54 -> Targets/Controller/Custom Devices/PickeringSwitching/Subunit1/Switch1_9 | I54: ="IO" & A50 -> IO9
C55: ="PXI-2510-1/dut" & D55 -> PXI-2510-1/dut8 | D55: =D49+1 -> 8 | E55: =E49 -> FIU | F55: =F49 -> TBD | G55: =IF(OR(F55="None",F55="TBD"),"None",_xlfn.CONCAT("ATE/",I55,"/",F55)) -> None | H55: TBD | I55: ="IO" & A50 -> IO9
A56: =A50+1 -> 10 | B56: =B50 -> AO/DO AO U: 0-10 V DO: 0-Vsup | C56: ="PXIe-6738/AO" & D56 -> PXIe-6738/AO9 | D56: =D50+1 -> 9 | E56: =E50 -> Voltage out 0-10 V | F56: =F50 -> AO | G56: =IF(OR(F56="None",F56="TBD"),"None",_xlfn.CONCAT("ATE/",I56,"/",F56)) -> ATE/IO10/AO | H56: =Paths!$B$26 & D56 -> Targets/Controller/Hardware/Chassis/DAQ/PXI1Slot15/Analog Output/AO9 | I56: ="IO" & A56 -> IO10 | J56: Ax.x | K56: Bx.x
C57: ="PXIe-7820R/DIO" & D57 -> PXIe-7820R/DIO9 | D57: =D51+1 -> 9 | E57: =E51 -> FPGA DO (PWM Gen.) | F57: =F51 -> PWM_FR | G57: =IF(OR(F57="None",F57="TBD"),"None",_xlfn.CONCAT("ATE/",I57,"/",F57)) -> ATE/IO10/PWM_FR | H57: =Paths!$B$2 & I57 & Paths!$B$6 -> Targets/Controller/Custom Devices/FPGA Addon/Scalars/Scalar Outputs/PWM.Out.IO10/FREQ | I57: ="IO" & A56 -> IO10
C58: ="PXIe-7820R/DIO" & D58 -> PXIe-7820R/DIO9 | D58: =D52+1 -> 9 | E58: =E52 -> FPGA DO (PWM Gen.) | F58: =F52 -> PWM_DC | G58: =IF(OR(F58="None",F58="TBD"),"None",_xlfn.CONCAT("ATE/",I58,"/",F58)) -> ATE/IO10/PWM_DC | H58: =Paths!$B$2 & I58 & Paths!$B$7 -> Targets/Controller/Custom Devices/FPGA Addon/Scalars/Scalar Outputs/PWM.Out.IO10/DC | I58: ="IO" & A56 -> IO10
C59: ="SLSC-12201-1/P" & ROUNDDOWN(D59/8,0) & "." & MOD(D59,8) -> SLSC-12201-1/P1.1 | D59: =D53+1 -> 9 | E59: =E53 -> Output Push-Pull | F59: =F53 -> None | G59: =IF(OR(F59="None",F59="TBD"),"None",_xlfn.CONCAT("ATE/",I59,"/",F59)) -> None | H59: =Paths!$B$19 & "Bank " & ROUNDDOWN(D59/16,0) & "/Port " & ROUNDDOWN(D59/8,0) & "/Line " &MOD(D59,8) &"/Direction" -> Targets/Controller/Hardware/SLSC/SLSC Chassis/Modules/Slot 8 (SLSC-12201 DIO)/Bank 0/Port 1/Line 1/Direction | I59: ="IO" & A56 -> IO10
C60: ="PXI 10-100-001/SPDT" & D60 -> PXI 10-100-001/SPDT10 | D60: =D54+1 -> 10 | E60: =E54 -> DO (SPDT) | F60: =F54 -> Select_DO | G60: =IF(OR(F60="None",F60="TBD"),"None",_xlfn.CONCAT("ATE/",I60,"/",F60)) -> ATE/IO10/Select_DO | H60: =Paths!$B$12 & D60 -> Targets/Controller/Custom Devices/PickeringSwitching/Subunit1/Switch1_10 | I60: ="IO" & A56 -> IO10
C61: ="PXI-2510-1/dut" & D61 -> PXI-2510-1/dut9 | D61: =D55+1 -> 9 | E61: =E55 -> FIU | F61: =F55 -> TBD | G61: =IF(OR(F61="None",F61="TBD"),"None",_xlfn.CONCAT("ATE/",I61,"/",F61)) -> None | H61: TBD | I61: ="IO" & A56 -> IO10
A62: =A56+1 -> 11 | B62: =B56 -> AO/DO AO U: 0-10 V DO: 0-Vsup | C62: ="PXIe-6738/AO" & D62 -> PXIe-6738/AO10 | D62: =D56+1 -> 10 | E62: =E56 -> Voltage out 0-10 V | F62: =F56 -> AO | G62: =IF(OR(F62="None",F62="TBD"),"None",_xlfn.CONCAT("ATE/",I62,"/",F62)) -> ATE/IO11/AO | H62: =Paths!$B$26 & D62 -> Targets/Controller/Hardware/Chassis/DAQ/PXI1Slot15/Analog Output/AO10 | I62: ="IO" & A62 -> IO11 | J62: Ax.x | K62: Bx.x
C63: ="PXIe-7820R/DIO" & D63 -> PXIe-7820R/DIO10 | D63: =D57+1 -> 10 | E63: =E57 -> FPGA DO (PWM Gen.) | F63: =F57 -> PWM_FR | G63: =IF(OR(F63="None",F63="TBD"),"None",_xlfn.CONCAT("ATE/",I63,"/",F63)) -> ATE/IO11/PWM_FR | H63: =Paths!$B$2 & I63 & Paths!$B$6 -> Targets/Controller/Custom Devices/FPGA Addon/Scalars/Scalar Outputs/PWM.Out.IO11/FREQ | I63: ="IO" & A62 -> IO11
C64: ="PXIe-7820R/DIO" & D64 -> PXIe-7820R/DIO10 | D64: =D58+1 -> 10 | E64: =E58 -> FPGA DO (PWM Gen.) | F64: =F58 -> PWM_DC | G64: =IF(OR(F64="None",F64="TBD"),"None",_xlfn.CONCAT("ATE/",I64,"/",F64)) -> ATE/IO11/PWM_DC | H64: =Paths!$B$2 & I64 & Paths!$B$7 -> Targets/Controller/Custom Devices/FPGA Addon/Scalars/Scalar Outputs/PWM.Out.IO11/DC | I64: ="IO" & A62 -> IO11
C65: ="SLSC-12201-1/P" & ROUNDDOWN(D65/8,0) & "." & MOD(D65,8) -> SLSC-12201-1/P1.2 | D65: =D59+1 -> 10 | E65: =E59 -> Output Push-Pull | F65: =F59 -> None | G65: =IF(OR(F65="None",F65="TBD"),"None",_xlfn.CONCAT("ATE/",I65,"/",F65)) -> None | H65: =Paths!$B$19 & "Bank " & ROUNDDOWN(D65/16,0) & "/Port " & ROUNDDOWN(D65/8,0) & "/Line " &MOD(D65,8) &"/Direction" -> Targets/Controller/Hardware/SLSC/SLSC Chassis/Modules/Slot 8 (SLSC-12201 DIO)/Bank 0/Port 1/Line 2/Direction | I65: ="IO" & A62 -> IO11
C66: ="PXI 10-100-001/SPDT" & D66 -> PXI 10-100-001/SPDT11 | D66: =D60+1 -> 11 | E66: =E60 -> DO (SPDT) | F66: =F60 -> Select_DO | G66: =IF(OR(F66="None",F66="TBD"),"None",_xlfn.CONCAT("ATE/",I66,"/",F66)) -> ATE/IO11/Select_DO | H66: =Paths!$B$12 & D66 -> Targets/Controller/Custom Devices/PickeringSwitching/Subunit1/Switch1_11 | I66: ="IO" & A62 -> IO11
C67: ="PXI-2510-1/dut" & D67 -> PXI-2510-1/dut10 | D67: =D61+1 -> 10 | E67: =E61 -> FIU | F67: =F61 -> TBD | G67: =IF(OR(F67="None",F67="TBD"),"None",_xlfn.CONCAT("ATE/",I67,"/",F67)) -> None | H67: TBD | I67: ="IO" & A62 -> IO11
A68: =A62+1 -> 12 | B68: =B62 -> AO/DO AO U: 0-10 V DO: 0-Vsup | C68: ="PXIe-6738/AO" & D68 -> PXIe-6738/AO11 | D68: =D62+1 -> 11 | E68: =E62 -> Voltage out 0-10 V | F68: =F62 -> AO | G68: =IF(OR(F68="None",F68="TBD"),"None",_xlfn.CONCAT("ATE/",I68,"/",F68)) -> ATE/IO12/AO | H68: =Paths!$B$26 & D68 -> Targets/Controller/Hardware/Chassis/DAQ/PXI1Slot15/Analog Output/AO11 | I68: ="IO" & A68 -> IO12 | J68: Ax.x | K68: Bx.x
C69: ="PXIe-7820R/DIO" & D69 -> PXIe-7820R/DIO11 | D69: =D63+1 -> 11 | E69: =E63 -> FPGA DO (PWM Gen.) | F69: =F63 -> PWM_FR | G69: =IF(OR(F69="None",F69="TBD"),"None",_xlfn.CONCAT("ATE/",I69,"/",F69)) -> ATE/IO12/PWM_FR | H69: =Paths!$B$2 & I69 & Paths!$B$6 -> Targets/Controller/Custom Devices/FPGA Addon/Scalars/Scalar Outputs/PWM.Out.IO12/FREQ | I69: ="IO" & A68 -> IO12
C70: ="PXIe-7820R/DIO" & D70 -> PXIe-7820R/DIO11 | D70: =D64+1 -> 11 | E70: =E64 -> FPGA DO (PWM Gen.) | F70: =F64 -> PWM_DC | G70: =IF(OR(F70="None",F70="TBD"),"None",_xlfn.CONCAT("ATE/",I70,"/",F70)) -> ATE/IO12/PWM_DC | H70: =Paths!$B$2 & I70 & Paths!$B$7 -> Targets/Controller/Custom Devices/FPGA Addon/Scalars/Scalar Outputs/PWM.Out.IO12/DC | I70: ="IO" & A68 -> IO12
C71: ="SLSC-12201-1/P" & ROUNDDOWN(D71/8,0) & "." & MOD(D71,8) -> SLSC-12201-1/P1.3 | D71: =D65+1 -> 11 | E71: =E65 -> Output Push-Pull | F71: =F65 -> None | G71: =IF(OR(F71="None",F71="TBD"),"None",_xlfn.CONCAT("ATE/",I71,"/",F71)) -> None | H71: =Paths!$B$19 & "Bank " & ROUNDDOWN(D71/16,0) & "/Port " & ROUNDDOWN(D71/8,0) & "/Line " &MOD(D71,8) &"/Direction" -> Targets/Controller/Hardware/SLSC/SLSC Chassis/Modules/Slot 8 (SLSC-12201 DIO)/Bank 0/Port 1/Line 3/Direction | I71: ="IO" & A68 -> IO12
C72: ="PXI 10-100-001/SPDT" & D72 -> PXI 10-100-001/SPDT12 | D72: =D66+1 -> 12 | E72: =E66 -> DO (SPDT) | F72: =F66 -> Select_DO | G72: =IF(OR(F72="None",F72="TBD"),"None",_xlfn.CONCAT("ATE/",I72,"/",F72)) -> ATE/IO12/Select_DO | H72: =Paths!$B$12 & D72 -> Targets/Controller/Custom Devices/PickeringSwitching/Subunit1/Switch1_12 | I72: ="IO" & A68 -> IO12
C73: ="PXI-2510-1/dut" & D73 -> PXI-2510-1/dut11 | D73: =D67+1 -> 11 | E73: =E67 -> FIU | F73: =F67 -> TBD | G73: =IF(OR(F73="None",F73="TBD"),"None",_xlfn.CONCAT("ATE/",I73,"/",F73)) -> None | H73: TBD | I73: ="IO" & A68 -> IO12
A74: =A68+1 -> 13 | B74: =B68 -> AO/DO AO U: 0-10 V DO: 0-Vsup | C74: ="PXIe-6738/AO" & D74 -> PXIe-6738/AO12 | D74: =D68+1 -> 12 | E74: =E68 -> Voltage out 0-10 V | F74: =F68 -> AO | G74: =IF(OR(F74="None",F74="TBD"),"None",_xlfn.CONCAT("ATE/",I74,"/",F74)) -> ATE/IO13/AO | H74: =Paths!$B$26 & D74 -> Targets/Controller/Hardware/Chassis/DAQ/PXI1Slot15/Analog Output/AO12 | I74: ="IO" & A74 -> IO13 | J74: Ax.x | K74: Bx.x
C75: ="PXIe-7820R/DIO" & D75 -> PXIe-7820R/DIO12 | D75: =D69+1 -> 12 | E75: =E69 -> FPGA DO (PWM Gen.) | F75: =F69 -> PWM_FR | G75: =IF(OR(F75="None",F75="TBD"),"None",_xlfn.CONCAT("ATE/",I75,"/",F75)) -> ATE/IO13/PWM_FR | H75: =Paths!$B$2 & I75 & Paths!$B$6 -> Targets/Controller/Custom Devices/FPGA Addon/Scalars/Scalar Outputs/PWM.Out.IO13/FREQ | I75: ="IO" & A74 -> IO13
C76: ="PXIe-7820R/DIO" & D76 -> PXIe-7820R/DIO12 | D76: =D70+1 -> 12 | E76: =E70 -> FPGA DO (PWM Gen.) | F76: =F70 -> PWM_DC | G76: =IF(OR(F76="None",F76="TBD"),"None",_xlfn.CONCAT("ATE/",I76,"/",F76)) -> ATE/IO13/PWM_DC | H76: =Paths!$B$2 & I76 & Paths!$B$7 -> Targets/Controller/Custom Devices/FPGA Addon/Scalars/Scalar Outputs/PWM.Out.IO13/DC | I76: ="IO" & A74 -> IO13
C77: ="SLSC-12201-1/P" & ROUNDDOWN(D77/8,0) & "." & MOD(D77,8) -> SLSC-12201-1/P1.4 | D77: =D71+1 -> 12 | E77: =E71 -> Output Push-Pull | F77: =F71 -> None | G77: =IF(OR(F77="None",F77="TBD"),"None",_xlfn.CONCAT("ATE/",I77,"/",F77)) -> None | H77: =Paths!$B$19 & "Bank " & ROUNDDOWN(D77/16,0) & "/Port " & ROUNDDOWN(D77/8,0) & "/Line " &MOD(D77,8) &"/Direction" -> Targets/Controller/Hardware/SLSC/SLSC Chassis/Modules/Slot 8 (SLSC-12201 DIO)/Bank 0/Port 1/Line 4/Direction | I77: ="IO" & A74 -> IO13
C78: ="PXI 10-100-001/SPDT" & D78 -> PXI 10-100-001/SPDT13 | D78: =D72+1 -> 13 | E78: =E72 -> DO (SPDT) | F78: =F72 -> Select_DO | G78: =IF(OR(F78="None",F78="TBD"),"None",_xlfn.CONCAT("ATE/",I78,"/",F78)) -> ATE/IO13/Select_DO | H78: =Paths!$B$12 & D78 -> Targets/Controller/Custom Devices/PickeringSwitching/Subunit1/Switch1_13 | I78: ="IO" & A74 -> IO13
C79: ="PXI-2510-1/dut" & D79 -> PXI-2510-1/dut12 | D79: =D73+1 -> 12 | E79: =E73 -> FIU | F79: =F73 -> TBD | G79: =IF(OR(F79="None",F79="TBD"),"None",_xlfn.CONCAT("ATE/",I79,"/",F79)) -> None | H79: TBD | I79: ="IO" & A74 -> IO13
A80: =A74+1 -> 14 | B80: =B74 -> AO/DO AO U: 0-10 V DO: 0-Vsup | C80: ="PXIe-6738/AO" & D80 -> PXIe-6738/AO13 | D80: =D74+1 -> 13 | E80: =E74 -> Voltage out 0-10 V | F80: =F74 -> AO | G80: =IF(OR(F80="None",F80="TBD"),"None",_xlfn.CONCAT("ATE/",I80,"/",F80)) -> ATE/IO14/AO | H80: =Paths!$B$26 & D80 -> Targets/Controller/Hardware/Chassis/DAQ/PXI1Slot15/Analog Output/AO13 | I80: ="IO" & A80 -> IO14 | J80: Ax.x | K80: Bx.x
C81: ="PXIe-7820R/DIO" & D81 -> PXIe-7820R/DIO13 | D81: =D75+1 -> 13 | E81: =E75 -> FPGA DO (PWM Gen.) | F81: =F75 -> PWM_FR | G81: =IF(OR(F81="None",F81="TBD"),"None",_xlfn.CONCAT("ATE/",I81,"/",F81)) -> ATE/IO14/PWM_FR | H81: =Paths!$B$2 & I81 & Paths!$B$6 -> Targets/Controller/Custom Devices/FPGA Addon/Scalars/Scalar Outputs/PWM.Out.IO14/FREQ | I81: ="IO" & A80 -> IO14
C82: ="PXIe-7820R/DIO" & D82 -> PXIe-7820R/DIO13 | D82: =D76+1 -> 13 | E82: =E76 -> FPGA DO (PWM Gen.) | F82: =F76 -> PWM_DC | G82: =IF(OR(F82="None",F82="TBD"),"None",_xlfn.CONCAT("ATE/",I82,"/",F82)) -> ATE/IO14/PWM_DC | H82: =Paths!$B$2 & I82 & Paths!$B$7 -> Targets/Controller/Custom Devices/FPGA Addon/Scalars/Scalar Outputs/PWM.Out.IO14/DC | I82: ="IO" & A80 -> IO14
C83: ="SLSC-12201-1/P" & ROUNDDOWN(D83/8,0) & "." & MOD(D83,8) -> SLSC-12201-1/P1.5 | D83: =D77+1 -> 13 | E83: =E77 -> Output Push-Pull | F83: =F77 -> None | G83: =IF(OR(F83="None",F83="TBD"),"None",_xlfn.CONCAT("ATE/",I83,"/",F83)) -> None | H83: =Paths!$B$19 & "Bank " & ROUNDDOWN(D83/16,0) & "/Port " & ROUNDDOWN(D83/8,0) & "/Line " &MOD(D83,8) &"/Direction" -> Targets/Controller/Hardware/SLSC/SLSC Chassis/Modules/Slot 8 (SLSC-12201 DIO)/Bank 0/Port 1/Line 5/Direction | I83: ="IO" & A80 -> IO14
C84: ="PXI 10-100-001/SPDT" & D84 -> PXI 10-100-001/SPDT14 | D84: =D78+1 -> 14 | E84: =E78 -> DO (SPDT) | F84: =F78 -> Select_DO | G84: =IF(OR(F84="None",F84="TBD"),"None",_xlfn.CONCAT("ATE/",I84,"/",F84)) -> ATE/IO14/Select_DO | H84: =Paths!$B$12 & D84 -> Targets/Controller/Custom Devices/PickeringSwitching/Subunit1/Switch1_14 | I84: ="IO" & A80 -> IO14
C85: ="PXI-2510-1/dut" & D85 -> PXI-2510-1/dut13 | D85: =D79+1 -> 13 | E85: =E79 -> FIU | F85: =F79 -> TBD | G85: =IF(OR(F85="None",F85="TBD"),"None",_xlfn.CONCAT("ATE/",I85,"/",F85)) -> None | H85: TBD | I85: ="IO" & A80 -> IO14
A86: =A80+1 -> 15 | B86: =B80 -> AO/DO AO U: 0-10 V DO: 0-Vsup | C86: ="PXIe-6738/AO" & D86 -> PXIe-6738/AO14 | D86: =D80+1 -> 14 | E86: =E80 -> Voltage out 0-10 V | F86: =F80 -> AO | G86: =IF(OR(F86="None",F86="TBD"),"None",_xlfn.CONCAT("ATE/",I86,"/",F86)) -> ATE/IO15/AO | H86: =Paths!$B$26 & D86 -> Targets/Controller/Hardware/Chassis/DAQ/PXI1Slot15/Analog Output/AO14 | I86: ="IO" & A86 -> IO15 | J86: Ax.x | K86: Bx.x
C87: ="PXIe-7820R/DIO" & D87 -> PXIe-7820R/DIO14 | D87: =D81+1 -> 14 | E87: =E81 -> FPGA DO (PWM Gen.) | F87: =F81 -> PWM_FR | G87: =IF(OR(F87="None",F87="TBD"),"None",_xlfn.CONCAT("ATE/",I87,"/",F87)) -> ATE/IO15/PWM_FR | H87: =Paths!$B$2 & I87 & Paths!$B$6 -> Targets/Controller/Custom Devices/FPGA Addon/Scalars/Scalar Outputs/PWM.Out.IO15/FREQ | I87: ="IO" & A86 -> IO15
C88: ="PXIe-7820R/DIO" & D88 -> PXIe-7820R/DIO14 | D88: =D82+1 -> 14 | E88: =E82 -> FPGA DO (PWM Gen.) | F88: =F82 -> PWM_DC | G88: =IF(OR(F88="None",F88="TBD"),"None",_xlfn.CONCAT("ATE/",I88,"/",F88)) -> ATE/IO15/PWM_DC | H88: =Paths!$B$2 & I88 & Paths!$B$7 -> Targets/Controller/Custom Devices/FPGA Addon/Scalars/Scalar Outputs/PWM.Out.IO15/DC | I88: ="IO" & A86 -> IO15
C89: ="SLSC-12201-1/P" & ROUNDDOWN(D89/8,0) & "." & MOD(D89,8) -> SLSC-12201-1/P1.6 | D89: =D83+1 -> 14 | E89: =E83 -> Output Push-Pull | F89: =F83 -> None | G89: =IF(OR(F89="None",F89="TBD"),"None",_xlfn.CONCAT("ATE/",I89,"/",F89)) -> None | H89: =Paths!$B$19 & "Bank " & ROUNDDOWN(D89/16,0) & "/Port " & ROUNDDOWN(D89/8,0) & "/Line " &MOD(D89,8) &"/Direction" -> Targets/Controller/Hardware/SLSC/SLSC Chassis/Modules/Slot 8 (SLSC-12201 DIO)/Bank 0/Port 1/Line 6/Direction | I89: ="IO" & A86 -> IO15
C90: ="PXI 10-100-001/SPDT" & D90 -> PXI 10-100-001/SPDT15 | D90: =D84+1 -> 15 | E90: =E84 -> DO (SPDT) | F90: =F84 -> Select_DO | G90: =IF(OR(F90="None",F90="TBD"),"None",_xlfn.CONCAT("ATE/",I90,"/",F90)) -> ATE/IO15/Select_DO | H90: =Paths!$B$12 & D90 -> Targets/Controller/Custom Devices/PickeringSwitching/Subunit1/Switch1_15 | I90: ="IO" & A86 -> IO15
C91: ="PXI-2510-1/dut" & D91 -> PXI-2510-1/dut14 | D91: =D85+1 -> 14 | E91: =E85 -> FIU | F91: =F85 -> TBD | G91: =IF(OR(F91="None",F91="TBD"),"None",_xlfn.CONCAT("ATE/",I91,"/",F91)) -> None | H91: TBD | I91: ="IO" & A86 -> IO15
A92: =A86+1 -> 16 | B92: =B86 -> AO/DO AO U: 0-10 V DO: 0-Vsup | C92: ="PXIe-6738/AO" & D92 -> PXIe-6738/AO15 | D92: =D86+1 -> 15 | E92: =E86 -> Voltage out 0-10 V | F92: =F86 -> AO | G92: =IF(OR(F92="None",F92="TBD"),"None",_xlfn.CONCAT("ATE/",I92,"/",F92)) -> ATE/IO16/AO | H92: =Paths!$B$26 & D92 -> Targets/Controller/Hardware/Chassis/DAQ/PXI1Slot15/Analog Output/AO15 | I92: ="IO" & A92 -> IO16 | J92: Ax.x | K92: Bx.x
C93: ="PXIe-7820R/DIO" & D93 -> PXIe-7820R/DIO15 | D93: =D87+1 -> 15 | E93: =E87 -> FPGA DO (PWM Gen.) | F93: =F87 -> PWM_FR | G93: =IF(OR(F93="None",F93="TBD"),"None",_xlfn.CONCAT("ATE/",I93,"/",F93)) -> ATE/IO16/PWM_FR | H93: =Paths!$B$2 & I93 & Paths!$B$6 -> Targets/Controller/Custom Devices/FPGA Addon/Scalars/Scalar Outputs/PWM.Out.IO16/FREQ | I93: ="IO" & A92 -> IO16
C94: ="PXIe-7820R/DIO" & D94 -> PXIe-7820R/DIO15 | D94: =D88+1 -> 15 | E94: =E88 -> FPGA DO (PWM Gen.) | F94: =F88 -> PWM_DC | G94: =IF(OR(F94="None",F94="TBD"),"None",_xlfn.CONCAT("ATE/",I94,"/",F94)) -> ATE/IO16/PWM_DC | H94: =Paths!$B$2 & I94 & Paths!$B$7 -> Targets/Controller/Custom Devices/FPGA Addon/Scalars/Scalar Outputs/PWM.Out.IO16/DC | I94: ="IO" & A92 -> IO16
C95: ="SLSC-12201-1/P" & ROUNDDOWN(D95/8,0) & "." & MOD(D95,8) -> SLSC-12201-1/P1.7 | D95: =D89+1 -> 15 | E95: =E89 -> Output Push-Pull | F95: =F89 -> None | G95: =IF(OR(F95="None",F95="TBD"),"None",_xlfn.CONCAT("ATE/",I95,"/",F95)) -> None | H95: =Paths!$B$19 & "Bank " & ROUNDDOWN(D95/16,0) & "/Port " & ROUNDDOWN(D95/8,0) & "/Line " &MOD(D95,8) &"/Direction" -> Targets/Controller/Hardware/SLSC/SLSC Chassis/Modules/Slot 8 (SLSC-12201 DIO)/Bank 0/Port 1/Line 7/Direction | I95: ="IO" & A92 -> IO16
C96: ="PXI 10-100-001/SPDT" & D96 -> PXI 10-100-001/SPDT16 | D96: =D90+1 -> 16 | E96: =E90 -> DO (SPDT) | F96: =F90 -> Select_DO | G96: =IF(OR(F96="None",F96="TBD"),"None",_xlfn.CONCAT("ATE/",I96,"/",F96)) -> ATE/IO16/Select_DO | H96: =Paths!$B$12 & D96 -> Targets/Controller/Custom Devices/PickeringSwitching/Subunit1/Switch1_16 | I96: ="IO" & A92 -> IO16
C97: ="PXI-2510-1/dut" & D97 -> PXI-2510-1/dut15 | D97: =D91+1 -> 15 | E97: =E91 -> FIU | F97: =F91 -> TBD | G97: =IF(OR(F97="None",F97="TBD"),"None",_xlfn.CONCAT("ATE/",I97,"/",F97)) -> None | H97: TBD | I97: ="IO" & A92 -> IO16
A99: =A92+1 -> 17 | B99: AO/DO AO U: 0-10 V AO R: 10 Ω - 8 MΩ DO: 0-Vsup | C99: ="PXIe-6738/AO" & D99 -> PXIe-6738/AO16 | D99: 16 | E99: Voltage out 0-10 V | F99: AO | G99: =IF(OR(F99="None",F99="TBD"),"None",_xlfn.CONCAT("ATE/",I99,"/",F99)) -> ATE/IO17/AO | H99: =Paths!$B$26 & D99 -> Targets/Controller/Hardware/Chassis/DAQ/PXI1Slot15/Analog Output/AO16 | I99: ="IO" & A99 -> IO17 | J99: Ax.x | K99: Bx.x
C100: ="PXIe-7820R/DIO" & D100 -> PXIe-7820R/DIO16 | D100: 16 | E100: FPGA DO (PWM Gen.) | F100: PWM_FR | G100: =IF(OR(F100="None",F100="TBD"),"None",_xlfn.CONCAT("ATE/",I100,"/",F100)) -> ATE/IO17/PWM_FR | H100: =Paths!$B$2 & I100 & Paths!$B$6 -> Targets/Controller/Custom Devices/FPGA Addon/Scalars/Scalar Outputs/PWM.Out.IO17/FREQ | I100: ="IO" & A99 -> IO17
C101: ="PXIe-7820R/DIO" & D101 -> PXIe-7820R/DIO16 | D101: 16 | E101: FPGA DO (PWM Gen.) | F101: PWM_DC | G101: =IF(OR(F101="None",F101="TBD"),"None",_xlfn.CONCAT("ATE/",I101,"/",F101)) -> ATE/IO17/PWM_DC | H101: =Paths!$B$2 & I101 & Paths!$B$7 -> Targets/Controller/Custom Devices/FPGA Addon/Scalars/Scalar Outputs/PWM.Out.IO17/DC | I101: ="IO" & A99 -> IO17
...

Sheet Paths
A1: These are used for creating VeriStand channel paths in EpecBaseProject-sheet | C1: TODO
A2: PXIe-7820R PWM Out | B2: Targets/Controller/Custom Devices/FPGA Addon/Scalars/Scalar Outputs/PWM.Out.
A3: PXIe-7820R DI | B3: Targets/Controller/Custom Devices/FPGA Addon/Scalars/Scalar Inputs/DI.
A4: PXIe-7820R PWM In | B4: Targets/Controller/Custom Devices/FPGA Addon/Scalars/Scalar Inputs/PWM.In.
A5: PXIe-7820R PWM Set | B5: Targets/Controller/Custom Devices/FPGA Addon/Scalars/Scalar Outputs/PWM.Set.
A6: FPGA DO Frequency | B6: /FREQ
A7: FPGA DO Duty-cycle | B7: /DC
A8: FPGA DI Status | B8: /STATE
A9: FPGA DI Frequency | B9: /FREQ
A10: FPGA DI Duty-cycle | B10: /DC
A11: FPGA DI Timeout | B11: /TIMEOUT
A12: SPDT 40-100-001 | B12: Targets/Controller/Custom Devices/PickeringSwitching/Subunit1/Switch1_
A13: SLSC-12251-1 | B13: Targets/Controller/Hardware/SLSC/SLSC Chassis/Modules/Slot 1 (SLSC EDS :: SLSC-12251)/Physical Channels/Channel_ | C13: Korttityyppiä ei vielä ole --> Ei tietoa tarkasta polusta
A14: SLSC-12251-2 | B14: Targets/Controller/Hardware/SLSC/SLSC Chassis/Modules/Slot 2 (SLSC EDS :: SLSC-12251)/Physical Channels/Channel_ | C14: Korttityyppiä ei vielä ole --> Ei tietoa tarkasta polusta
A15: SLSC-12251-3 | B15: Targets/Controller/Hardware/SLSC/SLSC Chassis/Modules/Slot 3 (SLSC EDS :: SLSC-12251)/Physical Channels/Channel_ | C15: Korttityyppiä ei vielä ole --> Ei tietoa tarkasta polusta
A16: SLSC-12251-4 | B16: Targets/Controller/Hardware/SLSC/SLSC Chassis/Modules/Slot 4 (SLSC EDS :: SLSC-12251)/Physical Channels/Channel_ | C16: Korttityyppiä ei vielä ole --> Ei tietoa tarkasta polusta
A17: SLSC-12202-1 | B17: Targets/Controller/Hardware/SLSC/SLSC Chassis/Modules/Slot 6 (SLSC EDS)/Physical Channels/
A18: SLSC-12202-2 | B18: Targets/Controller/Hardware/SLSC/SLSC Chassis/Modules/Slot 7 (SLSC EDS)/Physical Channels/
A19: SLSC-12201-1 | B19: Targets/Controller/Hardware/SLSC/SLSC Chassis/Modules/Slot 8 (SLSC-12201 DIO)/
A20: SLSC-12201-2 | B20: Targets/Controller/Hardware/SLSC/SLSC Chassis/Modules/Slot 9 (SLSC-12201 DIO)/
A21: PXIe-6375 | B21: Targets/Controller/Hardware/Chassis/DAQ/PXI1Slot3/Analog Input/AI
A22: PXIe-4322-1 | B22: Targets/Controller/Hardware/Chassis/DAQ/PXI1Slot11/Analog Output/AO
A23: PXIe-4322-2 | B23: Targets/Controller/Hardware/Chassis/DAQ/PXI1Slot12/Analog Output/AO
A24: PXIe-4322-3 | B24: Targets/Controller/Hardware/Chassis/DAQ/PXI1Slot13/Analog Output/AO
A25: PXIe-4322-4 | B25: Targets/Controller/Hardware/Chassis/DAQ/PXI1Slot14/Analog Output/AO
A26: PXIe-6738 | B26: Targets/Controller/Hardware/Chassis/DAQ/PXI1Slot15/Analog Output/AO | C26: Korttityyppiä ei vielä ole --> Ei tietoa tarkasta polusta
A27: Scaled IO values | B27: Targets/Controller/Calculated Channels/ATE/ | C27: Ei lukkoon lyöty tapa lisätä "Calculated Channels" -kanavia
A28: Scaled voltage | B28: /AI | C28: Ei lukkoon lyöty tapa lisätä "Calculated Channels" -kanavia
A29: Scaled current | B29: /AI | C29: Ei lukkoon lyöty tapa lisätä "Calculated Channels" -kanavia
A30: RMX Controls | B30: Targets/Controller/Custom Devices/RMXVisaControl/Controls/
A31: RMX Indicators | B31: Targets/Controller/Custom Devices/RMXVisaControl/Indicators/
A32: PXI-2567 | B32: Targets/Controller/Hardware/Chassis/DAQ/PXI1Slot5/Digital Output/
B36: Targets/Controller/Hardware/SLSC/SLSC Chassis/Modules/Slot 6 (SLSC EDS)/Commands/NI.UpdateChannelConfiguration
B38: Targets/Controller/Hardware/SLSC/SLSC Chassis/Modules/Slot 6 (SLSC EDS)/Physical Channels/port0//line0/Properties/NI.Line.Direction
B39: Targets/Controller/Hardware/SLSC/SLSC Chassis/Modules/Slot 6 (SLSC EDS)/Physical Channels/port0//line0/Properties/NI.Line.Direction

Sheet Aliases
A1: {=AliasPaths} -> VeriStand Alias Path | B1: {=ChannelPaths} -> VeriStand Channel path | D1: These are updated from EpecBaseProject-sheet
A2: ATE/IO1/AO | B2: Targets/Controller/Hardware/Chassis/DAQ/PXI1Slot15/Analog Output/AO0 | D2: DO NOT EDIT !
A3: ATE/IO1/PWM_FR | B3: Targets/Controller/Custom Devices/FPGA Addon/Scalars/Scalar Outputs/PWM.Out.IO1/FREQ
A4: ATE/IO1/PWM_DC | B4: Targets/Controller/Custom Devices/FPGA Addon/Scalars/Scalar Outputs/PWM.Out.IO1/DC
A5: None | B5: Targets/Controller/Hardware/SLSC/SLSC Chassis/Modules/Slot 8 (SLSC-12201 DIO)/Bank 0/Port 0/Line 0/Direction
A6: ATE/IO1/Select_DO | B6: Targets/Controller/Custom Devices/PickeringSwitching/Subunit1/Switch1_1
A7: None | B7: TBD
A8: ATE/IO2/AO | B8: Targets/Controller/Hardware/Chassis/DAQ/PXI1Slot15/Analog Output/AO1
A9: ATE/IO2/PWM_FR | B9: Targets/Controller/Custom Devices/FPGA Addon/Scalars/Scalar Outputs/PWM.Out.IO2/FREQ
A10: ATE/IO2/PWM_DC | B10: Targets/Controller/Custom Devices/FPGA Addon/Scalars/Scalar Outputs/PWM.Out.IO2/DC
A11: None | B11: Targets/Controller/Hardware/SLSC/SLSC Chassis/Modules/Slot 8 (SLSC-12201 DIO)/Bank 0/Port 0/Line 1/Direction
A12: ATE/IO2/Select_DO | B12: Targets/Controller/Custom Devices/PickeringSwitching/Subunit1/Switch1_2
A13: None | B13: TBD
A14: ATE/IO3/AO | B14: Targets/Controller/Hardware/Chassis/DAQ/PXI1Slot15/Analog Output/AO2
... A97: None | B97: TBD
A98: 0 | B98: 0
A99: ATE/IO17/AO | B99: Targets/Controller/Hardware/Chassis/DAQ/PXI1Slot15/Analog Output/AO16
A100: ATE/IO17/PWM_FR | B100: Targets/Controller/Custom Devices/FPGA Addon/Scalars/Scalar Outputs/PWM.Out.IO17/FREQ
A101: ATE/IO17/PWM_DC | B101: Targets/Controller/Custom Devices/FPGA Addon/Scalars/Scalar Outputs/PWM.Out.IO17/DC
A102: None | B102: Targets/Controller/Hardware/SLSC/SLSC Chassis/Modules/Slot 8 (SLSC-12201 DIO)/Bank 1/Port 2/Line 0/Direction
A103: None | B103: TBD
A104: ATE/IO17/Select_DO_or_AOR | B104: Targets/Controller/Custom Devices/PickeringSwitching/Subunit1/Switch1_17
A105: ATE/IO17/Select_AOR | B105: Targets/Controller/Custom Devices/PickeringSwitching/Subunit1/Switch1_18
A106: None | B106: TBD
A107: ATE/IO18/AO | B107: Targets/Controller/Hardware/Chassis/DAQ/PXI1Slot15/Analog Output/AO17
A108: ATE/IO18/PWM_FR | B108: Targets/Controller/Custom Devices/FPGA Addon/Scalars/Scalar Outputs/PWM.Out.IO18/FREQ
A109: ATE/IO18/PWM_DC | B109: Targets/Controller/Custom Devices/FPGA Addon/Scalars/Scalar Outputs/PWM.Out.IO18/DC
A110: None | B110: Targets/Controller/Hardware/SLSC/SLSC Chassis/Modules/Slot 8 (SLSC-12201 DIO)/Bank 1/Port 2/Line 1/Direction
... A226: None | B226: TBD
A227: 0 | B227: 0
A228: ATE/IO33/AO | B228: Targets/Controller/Hardware/Chassis/DAQ/PXI1Slot11/Analog Output/AO0
A229: None | B229: TBD
A230: ATE/IO33/Select_AOR | B230: Targets/Controller/Custom Devices/PickeringSwitching/Subunit1/Switch1_51
A231: None | B231: TBD
A232: ATE/IO34/AO | B232: Targets/Controller/Hardware/Chassis/DAQ/PXI1Slot11/Analog Output/AO1
A233: None | B233: TBD
A234: ATE/IO34/Select_AOR | B234: Targets/Controller/Custom Devices/PickeringSwitching/Subunit1/Switch1_52
A235: None | B235: TBD
A236: ATE/IO35/AO | B236: Targets/Controller/Hardware/Chassis/DAQ/PXI1Slot11/Analog Output/AO2
A237: None | B237: TBD
A238: ATE/IO35/Select_AOR | B238: Targets/Controller/Custom Devices/PickeringSwitching/Subunit1/Switch1_53
A239: None | B239: TBD
... A355: None | B355: TBD
A356: 0 | B356: 0
A357: ATE/IO65/PWM_FR | B357: Targets/Controller/Custom Devices/FPGA Addon/Scalars/Scalar Outputs/PWM.Out.IO65/FREQ
A358: ATE/IO65/PWM_DC | B358: Targets/Controller/Custom Devices/FPGA Addon/Scalars/Scalar Outputs/PWM.Out.IO65/DC
A359: None | B359: Targets/Controller/Hardware/SLSC/SLSC Chassis/Modules/Slot 9 (SLSC-12201 DIO)/Bank 0/Port 0/Line 0/Direction
A360: None | B360: TBD
A361: ATE/IO66/PWM_FR | B361: Targets/Controller/Custom Devices/FPGA Addon/Scalars/Scalar Outputs/PWM.Out.IO66/FREQ
A362: ATE/IO66/PWM_DC | B362: Targets/Controller/Custom Devices/FPGA Addon/Scalars/Scalar Outputs/PWM.Out.IO66/DC
A363: None | B363: Targets/Controller/Hardware/SLSC/SLSC Chassis/Modules/Slot 9 (SLSC-12201 DIO)/Bank 0/Port 0/Line 1/Direction
A364: None | B364: TBD
A365: ATE/IO67/PWM_FR | B365: Targets/Controller/Custom Devices/FPGA Addon/Scalars/Scalar Outputs/PWM.Out.IO67/FREQ
A366: ATE/IO67/PWM_DC | B366: Targets/Controller/Custom Devices/FPGA Addon/Scalars/Scalar Outputs/PWM.Out.IO67/DC
A367: None | B367: Targets/Controller/Hardware/SLSC/SLSC Chassis/Modules/Slot 9 (SLSC-12201 DIO)/Bank 0/Port 0/Line 2/Direction
A368: None | B368: TBD
... A420: None | B420: TBD
A421: 0 | B421: 0
A422: ATE/IO81/DI | B422: Targets/Controller/Custom Devices/FPGA Addon/Scalars/Scalar Inputs/DI.IO81/STATE
A423: None | B423: Targets/Controller/Hardware/SLSC/SLSC Chassis/Modules/Slot 9 (SLSC-12201 DIO)/Bank 1/Port 2/Line 0/Direction
A424: None | B424: Targets/Controller/Calculated Channels/ATE/IO81/AI
A425: None | B425: TBD
A426: ATE/IO82/DI | B426: Targets/Controller/Custom Devices/FPGA Addon/Scalars/Scalar Inputs/DI.IO82/STATE
A427: None | B427: Targets/Controller/Hardware/SLSC/SLSC Chassis/Modules/Slot 9 (SLSC-12201 DIO)/Bank 1/Port 2/Line 1/Direction
A428: None | B428: Targets/Controller/Calculated Channels/ATE/IO82/AI
A429: None | B429: TBD
A430: ATE/IO83/DI | B430: Targets/Controller/Custom Devices/FPGA Addon/Scalars/Scalar Inputs/DI.IO83/STATE
A431: None | B431: Targets/Controller/Hardware/SLSC/SLSC Chassis/Modules/Slot 9 (SLSC-12201 DIO)/Bank 1/Port 2/Line 2/Direction
A432: None | B432: Targets/Controller/Calculated Channels/ATE/IO83/AI
A433: None | B433: TBD
... A485: None | B485: TBD
A486: 0 | B486: 0
A487: ATE/IO97/PWM_FR | B487: Targets/Controller/Custom Devices/FPGA Addon/Scalars/Scalar Inputs/PWM.In.IO97/FREQ
A488: ATE/IO97/PWM_DC | B488: Targets/Controller/Custom Devices/FPGA Addon/Scalars/Scalar Inputs/PWM.In.IO97/DC
A489: ATE/IO97/DI | B489: Targets/Controller/Custom Devices/FPGA Addon/Scalars/Scalar Inputs/DI.IO97/STATE
A490: ATE/IO97/PWM_TIMEOUT | B490: Targets/Controller/Custom Devices/FPGA Addon/Scalars/Scalar Outputs/PWM.Set.IO97/TIMEOUT
A491: None | B491: Targets/Controller/Hardware/SLSC/SLSC Chassis/Modules/Slot 6 (SLSC EDS)/Physical Channels/port0//line0/Properties/NI.Line.Direction
A492: None | B492: Targets/Controller/Calculated Channels/ATE/IO97/AI
A493: None | B493: Targets/Controller/Hardware/SLSC/SLSC Chassis/Modules/Slot 1 (SLSC EDS :: SLSC-12251)/Physical Channels/Channel_0
A494: ATE/IO98/PWM_FR | B494: Targets/Controller/Custom Devices/FPGA Addon/Scalars/Scalar Inputs/PWM.In.IO98/FREQ
A495: ATE/IO98/PWM_DC | B495: Targets/Controller/Custom Devices/FPGA Addon/Scalars/Scalar Inputs/PWM.In.IO98/DC
A496: ATE/IO98/DI | B496: Targets/Controller/Custom Devices/FPGA Addon/Scalars/Scalar Inputs/DI.IO98/STATE
A497: ATE/IO98/PWM_TIMEOUT | B497: Targets/Controller/Custom Devices/FPGA Addon/Scalars/Scalar Outputs/PWM.Set.IO98/TIMEOUT
A498: None | B498: Targets/Controller/Hardware/SLSC/SLSC Chassis/Modules/Slot 6 (SLSC EDS)/Physical Channels/port0//line1/Properties/NI.Line.Direction
... A934: None | B934: Targets/Controller/Hardware/SLSC/SLSC Chassis/Modules/Slot 4 (SLSC EDS :: SLSC-12251)/Physical Channels/Channel_15
A935: 0 | B935: 0
A936: ATE/Power/Enable_RMX | B936: Targets/Controller/Custom Devices/RMXVisaControl/Controls/Enable RMX
A937: ATE/Power/Set_Voltage | B937: Targets/Controller/Custom Devices/RMXVisaControl/Controls/Voltage_In
A938: ATE/Power/Set_Current | B938: Targets/Controller/Custom Devices/RMXVisaControl/Controls/Current_In
A939: ATE/Power/Get_Voltage | B939: Targets/Controller/Custom Devices/RMXVisaControl/Indicators/Voltage_Out
A940: ATE/Power/Get_Current | B940: Targets/Controller/Custom Devices/RMXVisaControl/Indicators/Current_Out
A941: ATE/Power/Enable_1 | B941: Targets/Controller/Hardware/Chassis/DAQ/PXI1Slot5/Digital Output/port0/DO0
A942: 0 | B942: 0
A943: ATE/Power/Enable_2 | B943: Targets/Controller/Hardware/Chassis/DAQ/PXI1Slot5/Digital Output/port0/DO1
A944: 0 | B944: 0
A945: ATE/Power/Enable_3 | B945: Targets/Controller/Hardware/Chassis/DAQ/PXI1Slot5/Digital Output/port0/DO2
A946: 0 | B946: 0
A947: ATE/Power/Enable_4 | B947: Targets/Controller/Hardware/Chassis/DAQ/PXI1Slot5/Digital Output/port0/DO3
A948: 0 | B948: 0
A949: ATE/Power/Enable_5 | B949: Targets/Controller/Hardware/Chassis/DAQ/PXI1Slot5/Digital Output/port0/DO4
...
